PKG_CTR_NR,PKG_CTR_NA
4016,"Louisville Metro,KY"
4020,"Louisville West,KY"
4021,"Louisville East,KY"
4022,"Bluegrass North,KY"
4023,"Bluegrass East,KY"
4030,"Stanton,KY"
4047,"Danville,KY"
4050,"Lexington North,KY"
4052,"Lexington South,KY"
4080,"Harlan,KY"
4096,"London,KY"
4101,"Kentucky View,KY"
4105,"Maysville,KY"
4110,"Ashland,KY"
4150,"Pikeville,KY"
4160,"Prestonburg,KY"
4170,"Hazard,KY"
4200,"Paducah,KY"
4210,"Bowling Green,KY"
4224,"Hopkinsville,KY"
4230,"Owensboro,KY"
4243,"Madisonville,KY"
4250,"Somerset,KY"
4271,"Campbellsville,KY"
4501,"Hamilton,OH"
4510,"Colerain,OH"
4511,"Blue Ash,OH"
4512,"Mason,OH"
4517,"Wilmington,OH"
4520,"Western Hills,OH"
4521,"Anderson KY,OH"
4523,"City,OH"
4530,"West Carrollton East,OH"
4532,"West Carrollton Southwest,OH"
4535,"Piqua,OH"
4541,"Dayton,OH"
4550,"Springfield,OH"
4560,"Chillicothe,OH"
4566,"Portsmouth,OH"
4580,"Lima,OH"
4581,"Celina,OH"
4601,"Anderson,IN"
4616,"Plainfield,IN"
4620,"Indianapolis East,IN"
4621,"Indianapolis Circle,IN"
4622,"INDIANAPOLIS WEST,IN"
4623,"Indianapolis North,IN"
4624,"Castleton,IN"
4625,"Indianapolis South,IN"
4636,"Tri City,IN"
4650,"Bourbon,IN"
4651,"Elkhart,IN"
4660,"South Bend,IN"
4675,"Waterloo,IN"
4681,"Fort Wayne,IN"
4690,"Kokomo,IN"
4695,"Marion IN,IN"
4715,"Clarksville,IN"
4720,"Columbus,IN"
4724,"Versailles,IN"
4730,"Muncie,IN"
4737,"Centerville,IN"
4740,"Bloomington,IN"
4750,"Washington,IN"
4754,"Huntingburg,IN"
4770,"Evansville,IN"
4780,"Terre Haute,IN"
4790,"Lafayette,IN"
4793,"Crawfordsville,IN"
6193,"Mattoon,IL"
6245,"Olney,IL"
6280,"Centralia,IL"
6290,"Marion IL,IL"
